ID,Name
0b2d22e0,SachsenNetze GmbH
ad13be72,SachsenNetze HS.HD GmbH
0e7bd422,Stadtwerke Riesa GmbH
044f9b91,Stadtwerke Elbtal GmbH
7a340e36,Meißener Stadtwerke GmbH
96ffa483,Freitaler Stadtwerke GmbH
7ccf51f8,Stadtwerke Pirna Energie GmbH
b283205d,Energie und Wasserversorgung Aktiengesellschaft Kamenz
efb48028,Stadtwerke Senftenberg GmbH
66a1c4ac,BASF Schwarzheide GmbH
c9850879,Energie- und Wasserwerke Bautzen GmbH
50a2b3f4,Stadtwerke Löbau GmbH
20cdc2f5,Stadtwerke Zittau GmbH
fdb1c4d2,Stadtwerke Görlitz AG
47d6e656,Stadtwerke Niesky GmbH
cacbad99,Stadtwerke Weißwasser GmbH
daef09ce,Versorgungsbetriebe Hoyerswerda GmbH
382e84b7,Elektroenergieversorgung Cottbus GmbH
fb0bad75,Städtische Werke Spremberg (Lausitz) GmbH
4cf5cdc4,"Netzgesellschaft Forst (Lausitz) mbH & Co. KG"
5e31e0b2,Energieversorgung Guben GmbH
57c4fb46,Stadt- und Überlandwerke GmbH Luckau-Lübbenau
350a73fc,Stadtwerke Finsterwalde GmbH
afd10af4,Netz Leipzig GmbH
b8442920,Stadtwerke Schkeuditz GmbH
b34f5e3c,Stadtwerke Delitzsch GmbH
8b5ef500,Städtische Werke Borna Netz GmbH
f03c14d9,Energie- und Wasserversorgung Altenburg GmbH
c3b66878,Stadtwerke Döbeln GmbH
738ac62b,Stadtwerke Eilenburg GmbH
90f0f015,Stadtwerke Torgau GmbH
93d3d285,Energieversorgung Halle Netz GmbH
8bfbc6cc,Mitteldeutsche Netzgesellschaft Strom mbH
4fa53768,Verteilnetz Plauen GmbH
388424b1,Stadtwerke Merseburg GmbH
c8114833,Industrienetzgesellschaft Schkopau mbH
8eb2621e,Stadtwerke Lutherstadt Eisleben GmbH
1fdbb6f7,Stadtwerke Hettstedt GmbH
ffd0edb5,Stadtwerke Bernburg GmbH
bd80d44d,ASCANETZ GmbH
1d7d19bc,Stadtwerke Quedlinburg GmbH
ad848761,Stadtwerke Sangerhausen GmbH
06635360,Technische Werke Naumburg GmbH
e1535a32,Stadtwerke Weißenfels Energienetze GmbH
0531bccf,REDINET Burgenland GmbH
60c649c5,EVIP GmbH
d9756cc9,Netzgesellschaft Bitterfeld-Wolfen mbH
1b8a4503,Dessauer Stromversorgung GmbH
62414e99,Stadtwerke Lutherstadt Wittenberg GmbH
27b73a6a,Saalfelder Energienetze GmbH
c8be5a25,Elektrizitätswerk Max Peissker
c16a3a51,EnR Energienetze Rudolstadt GmbH
33d909cd,GeraNetz GmbH
19d502fb,Netzgesellschaft Eisenberg mbH
3939a41c,TRIDELTA Energieversorgungs GmbH
8ceac1ae,Stadtwerke Stadtroda GmbH
a39794c0,Stadtwerke Jena Netze GmbH
06beb693,Stadtwerke Neustadt an der Orla GmbH
60fa0c69,Energiewerke Zeulenroda GmbH
218f4912,Greizer Energienetze GmbH
c2e88979,Zwickauer Energieversorgung GmbH
afc33ca2,Elektrizitätswerk des Kantons Schaffhausen AG
e90525d2,Stadtwerke Aue - Bad Schlema GmbH
f7157822,Stadtwerke Schneeberg GmbH
a9f9739b,Stadtwerke Schwarzenberg GmbH
03f94845,Stadtwerke Glauchau Dienstleistungsgesellschaft mbH
6ef609af,Stadtwerke Meerane GmbH
ffbdc6a7,Stadtwerke Werdau GmbH
09574852,Stadtwerke Reichenbach/Vogtl. GmbH
bfc951ee,Stadtwerke OELSNITZ/V. GmbH
0fb413d7,inetz GmbH
3fdf6c5c,Stadtwerke Annaberg-Buchholz Energie AG
8694cada,Freiberger Stromversorgung GmbH
fcde1fab,Stadtwerke Olbernhau GmbH
3f9e15d8,ENGIE Deutschland GmbH
cb45bbfd,decarbon1ze GmbH
82c8ab84,Stromnetz Berlin GmbH
bdb7e292,Flughafen Energie & Wasser GmbH
3e40bffa,Energienetze Berlin GmbH
02de72df,GIG energy services GmbH
b2ca32fa,Netzgesellschaft Potsdam mbH
5be8896e,Stadtwerke Brandenburg an der Havel GmbH & Co. KG
92240fb8,Städtische Betriebswerke Luckenwalde GmbH
b9a6b553,Stadtwerke Ludwigsfelde GmbH
018d6af6,ENRO Ludwigsfelde Netz GmbH
91a638b5,Netzgesellschaft Frankfurt (Oder) mbH
2ce6102c,Netz & Energie Betriebsgesellschaft mbH
1d6c256e,Stadtwerke Strausberg GmbH
dc352e5b,E.DIS Netz GmbH
d1cb2f0d,Netzgesellschaft Panketal GmbH
45aab724,Kommunale Energieversorgung GmbH Eisenhüttenstadt
00b6a217,Stromversorgung Angermünde GmbH
fdd76ee8,Stadtwerke Schwedt GmbH
eec02fb6,Stadtwerke Bernau GmbH
49c0892e,Stadtwerke Oranienburg GmbH
ebad4dc1,Stadtwerke Velten GmbH
cd1f0034,Havelstrom Zehdenick GmbH
76312ee5,Stadtwerke Neuruppin GmbH
807547c4,Stadtwerke Pritzwalk GmbH
4473ce84,Neubrandenburger Stadtwerke GmbH
d63dc997,Stadtwerke Teterow GmbH
4285be6d,Stadtwerke Waren GmbH
1d2296b6,Stadtwerke Malchow
7ac56035,Stadtwerke Neustrelitz GmbH
60fa3c52,Stadtwerke Prenzlau GmbH
f0fed8d7,Stadtwerke Pasewalk GmbH
d67a051d,Stadtwerke Greifswald GmbH
e4f87ce9,EWN Entsorgungswerk für Nuklearanlagen GmbH
83741450,Stadtwerke Rostock Netzgesellschaft mbH
6a39aa02,Stromnetz24 GmbH
f80aa9ea,Stadtwerke Güstrow GmbH
908b1e0f,SWS Netze GmbH
d963534d,Fährhafen Sassnitz GmbH
eab55657,WEMAG Netz GmbH
0198bc82,Netzgesellschaft Schwerin mbH
f8da5fbf,Stadtwerke Hagenow GmbH
39063a29,VersorgungsBetriebe Elbe GmbH
2fbde327,Stadtwerke Ludwigslust-Grabow GmbH
6a9bc369,Stadtwerke Wittenberge GmbH
60f67e34,PVU Energienetze GmbH
dd040d6e,Stadtwerke Parchim GmbH
b7e6f23a,Stadtwerke Lübz GmbH
90ccb669,Stadtwerke Buchholz i.d.N. GmbH
1a13666a,Energieversorgung Dahlenburg-Bleckede AG
9d944aba,Stadtwerke Winsen (Luhe) GmbH
0a1a618b,e-werk Sachsenwald GmbH
a568e13a,Stadtwerke Geesthacht GmbH
84c2fd0f,Stadtwerke Buxtehude GmbH
c3c2a45d,Stadtwerke Stade GmbH
21a574ab,Hamburger Energienetze GmbH
97a3c8e7,Stadtwerke Norderstedt
7f51315f,Stadtwerke Wedel GmbH
ae25ec8e,TraveNetz GmbH
b88a813e,Stadtwerke Eutin GmbH
342bc11e,Stadtwerke Neustadt in Holstein
6efe14f1,Stadtwerke Oldenburg in Holstein GmbH
4768112d,ews-Netz GmbH
b7704395,Vereinigte Stadtwerke Netz GmbH
a6c828db,Stadtwerke Grevesmühlen GmbH
f5e867b1,Strom- und Gasnetz Wismar GmbH
36b9b80c,SWKiel Netz GmbH
e16ccdf5,Versorgungsbetriebe Kronshagen GmbH
e7eac665,Stadtwerke Schwentinental GmbH
309d83eb,Gemeindewerke Heikendorf AöR
f9835458,Gemeindewerke Schönkirchen GmbH
ceacdb13,Stadtwerke Eckernförde GmbH
52a5e3a0,Stadtwerke Kaltenkirchen GmbH
9cf5c994,Stadtwerke Bad Bramstedt Netz GmbH
7dccb68e,Versorgungsbetriebe Bordesholm GmbH
38b7e0a9,Stadtwerke Nortorf AöR
32092119,Stadtwerke Rendsburg GmbH
b24a34c2,Schleswig-Holstein Netz GmbH
b36f3f78,Schleswiger Stadtwerke GmbH
b03acc59,Stadtwerke Flensburg GmbH
c353bbe3,Stadtwerke Elmshorn
3c4d872a,Stadtwerke Glückstadt GmbH
ffceee17,Stadtwerke Barmstedt
5b31dcd3,Stadtwerke Südholstein GmbH
012af0d4,Stadtwerke Quickborn GmbH
8a827294,NordNetz GmbH
ea46bcc0,Gemeindewerke Halstenbek
d57371a5,Stadtwerke Itzehoe GmbH
7644aeb3,Stadtwerke Brunsbüttel GmbH
1abed0ae,Covestro Brunsbüttel Energie GmbH
06f0f9e5,Stadtwerke Wilster
8e5a2cfb,Stadtwerke Heide GmbH
eedfe8cd,Stadtwerke Husum Netz GmbH
7154c434,Stadtwerke Nordfriesland - Netz GmbH
10b3c372,Energieversorgung Sylt GmbH
05324bc7,EWE NETZ GmbH
877a64f7,GEW Wilhelmshaven GmbH
10e69790,Energiegenossenschaft für Wittmund eG
4e5258f1,Wirtschaftsbetriebe der Stadt Norden GmbH
81b64f7a,Stadtwerke Norderney GmbH
4433d30c,Stadtwerke Emden GmbH
dc56f273,"Niedersachsen Ports GmbH & Co. KG, Niederlassung Emden"
e0f67ce3,Nordseeheilbad Borkum GmbH
eb847f0d,Stadtwerke Verden GmbH
cbf24d1a,Stadtwerke Rotenburg (Wümme) GmbH
055820fc,Stadtwerke Zeven GmbH
dfe560c7,EUROGATE Technical Services GmbH
a28b0044,wesernetz Bremerhaven GmbH
06efdd36,Fischereihafen-Betriebsgesellschaft mbH
2f6ab051,Osterholzer Stadtwerke GmbH & Co. KG
f68346ca,wesernetz Bremen GmbH
89bdc509,Stadtwerke Achim AG
dc4f129a,Elektrizitäts-Werk Ottersberg
6cdf5bd3,Celle-Uelzen Netz GmbH
01fcc48a,EVE Netz GmbH
3a5aadc6,Stadtwerke Uelzen GmbH
936e2090,Stadtwerke Soltau GmbH & Co. KG
de76ee77,Stadtwerke Munster-Bispingen GmbH
355f3613,Stadtwerke Schneverdingen-Neuenkirchen GmbH
5b5474c1,Stadtwerke Böhmetal GmbH
a10df81a,Getec net GmbH
29fc5091,GETEC Quartier GmbH
5c4d5f81,enercity Netz GmbH
7e858469,Überlandwerk Leinetal GmbH
e02c5ded,EVI Energieversorgung Hildesheim GmbH & Co. KG
340a3fa5,Stadtwerke Peine GmbH
27338a47,Stadtwerke Lehrte GmbH
aae7701c,Stadtwerke Burgdorf Netz GmbH
5853d2ee,LeineNetz GmbH
c748547c,Stadtwerke Rinteln GmbH
4c2966e1,Stadtwerke Hameln Weserbergland GmbH
aad6d963,Stadtwerke Bad Pyrmont GmbH
ea5ec9ca,Stadtwerke Springe GmbH
afbe8b1b,Stadtwerke Bad Salzuflen GmbH
057fea5c,Netzgesellschaft Lübbecke mbH
e004133d,Stadtwerke Vlotho Stromnetz GmbH
cf8ee818,Stadtwerke Lemgo GmbH
fc295fe3,Stadtwerke Detmold GmbH
a25fb18a,Stadtwerke Lippe-Weser Service GmbH & Co. KG
5ae23966,Blomberg Netz GmbH & Co. KG
54fe0a1f,Westfalen Weser Netz GmbH
6db1dfd7,Netzgesellschaft Gütersloh mbH
82853f72,Stadtwerke Harsewinkel GmbH
05274f9f,Bielefelder Netz GmbH
45b20ace,Stadtwerke Versmold GmbH
f48dbb74,Elektrizitätsgenossenschaft Oesterweg eG
7308f4f3,SWV Regional GmbH
0f86847b,T.W.O. Technische Werke Osning GmbH
5ceaaf95,Gemeindewerke Steinhagen GmbH
a25f0fb6,Stadtwerke Oerlinghausen GmbH
c4f28584,Städtische Werke Netz + Service GmbH
c63351b7,EAM Netz GmbH
a7b82935,Versorgungsbetriebe Hann. Münden GmbH
e7c5de7d,Stadtwerke Warburg GmbH
7f747a00,Regionalwerke Wolfhager Land GmbH
271adeae,Energie Waldeck-Frankenberg GmbH
b0c08c09,KBG Kraftstrom-Bezugsgenossenschaft Homberg eG
a3bdd3ac,Stadtwerke Marburg GmbH
b4f61b6d,Pharmaserv GmbH
22dd0a88,EGF EnergieGesellschaft Frankenberg mbH
faa755ad,SWB Stadtwerke Biedenkopf GmbH
991c17ee,Mittelhessen Netz GmbH
8068b2e0,Butzbacher Netzbetrieb GmbH & Co. KG
d6a90b6b,enwag energie- und wassergesellschaft mbh
19eeb62b,Stadtwerke Haiger
273f33b2,Stadtwerke Herborn GmbH
66ac47a7,Stadtwerke Weilburg GmbH
c9731ba9,OsthessenNetz GmbH
04f56f29,Stadtwerke Hünfeld GmbH
e9c85682,Stadtwerke Schlitz
23aeebda,Stadtwerke Bebra GmbH
574a5332,Gemeindewerke Wildeck
dc4dfb01,Stadtwerke Bad Hersfeld GmbH
3bab492d,Stadtwerke Lauterbach GmbH
e94cfa35,Werraenergie GmbH
807291e5,Eichsfelder Energie- und Wasserversorgungs GmbH
e7919d3a,Gemeindewerke Bovenden GmbH & Co. KG
a9f25969,SWN Stadtwerke Northeim GmbH
12924e89,Stadtwerke Uslar GmbH
a7acfe04,Stadtwerke Leine - Solling GmbH
0b3392b8,Stadtwerke Witzenhausen GmbH
df892241,Stadtwerke Bad Sooden-Allendorf
351bd33a,Stadtwerke Eschwege GmbH
d0a567cf,Elektrizitätswerk Rohmund GmbH
c3331482,E-Werk Wanfried von Scharfenberg GmbH & Co. KG
67030df3,Stadtwerke Heilbad Heiligenstadt GmbH
5d7afa39,Harz Energie Netz GmbH
14765b41,Stadtwerke Einbeck GmbH
2728f1fd,Braunschweiger Netz GmbH
1165a224,Stadtwerke Elm-Lappwald GmbH
5d9788fe,Stadtwerke Wolfenbüttel GmbH
bb0cbfbb,Avacon Netz GmbH
7506edfa,LSW Netz GmbH & Co. KG
075eb384,Stadtwerke Clausthal-Zellerfeld GmbH
150a4856,HALBERSTADTWERKE GmbH
921ffcf6,Stadtwerke Wernigerode GmbH
c3403cb4,Stadtwerke Blankenburg GmbH
100af520,Netze Magdeburg GmbH
87bbc060,Stadtwerke Schönebeck GmbH
c50c2d47,Stromversorgung Zerbst GMBH & Co. KG
591d473d,Stadtwerke Burg Energienetze GmbH
ace9b9a8,Stromkontor Rostock Port GmbH
77ce43b8,Stadtwerke Wolmirstedt GmbH
6706516d,Stadtwerke Haldensleben GmbH
ba968f2c,Stadtwerke Staßfurt GmbH
00c90dd1,Stadtwerke Havelberg GmbH
7caf7d8c,Stadtwerke - Altmärkische Gas- Wasser- und Elektrizitätswerke GmbH Stendal
b00b7804,Infrastrukturbetrieb der Stadt Arneburg
82e7d4ac,Netzgesellschaft Düsseldorf mbH
827b5613,Stadtwerke Erkrath GmbH (EGC)
9a2be864,Stadtwerke Erkrath GmbH
7e9dfbce,Stadtwerke Hilden GmbH
5c2f950e,MEGA Monheimer Elektrizitäts- und Gasversorgung GmbH
836e1e59,Stadtwerke Ratingen GmbH
57e46ba3,Stadtwerke Nettetal GmbH
0c490d1f,WSW Netz GmbH
e6963d6e,Stadtwerke Radevormwald GmbH
b679a044,Stadtwerke Velbert GmbH
f5556282,Stadtwerke Heiligenhaus GmbH
71d3b897,SWS Netze Solingen GmbH
23943550,EWR GmbH
e90f7462,Dortmunder Netz GmbH
667ba0e2,Stadtwerke Lünen GmbH
b6c3277d,Stadtwerke Herne AG
3446e950,Stadtwerke Bochum Netz GmbH
b963d498,ThyssenKrupp Steel Europe AG
3e885bd2,Hertener Stadtwerke GmbH
f5e386b4,Stadtwerke Haltern am See GmbH
ac4efffb,ELE Verteilnetz GmbH
f8fdcece,GELSENWASSER Energienetze GmbH
e8cb7e93,Oberhausener Netzgesellschaft mbH
762231ca,OQ Services GmbH
6ad5ca23,Stadtwerke Borken/Westf. GmbH
36405f45,Bocholter Energie- und Wasserversorgung GmbH
52167be7,Stadtwerke Rhede GmbH
7b41f4ab,Stadtwerke Emmerich GmbH
50545b18,Westnetz GmbH
00ee3847,Netze Duisburg GmbH
81aa13be,Solvay Chemicals GmbH
ef731ef9,Stadtwerke Kleve GmbH
7abeee53,Stadtwerke Goch GmbH
f2d9da0f,Stadtwerke Geldern Netz GmbH
8044c1aa,NGN Netzgesellschaft Niederrhein mbH
aef216a2,Stadtwerke Service Meerbusch Willich GmbH & Co. KG
fa58951c,Stadtwerke Kempen GmbH
3b60fe20,Gemeindewerke Grefrath GmbH
81499e3e,Stadtnetze Münster
94d1e0cf,WEV Warendorfer Energieversorgung GmbH
bbd2a7f6,Stadtwerke Dülmen GmbH
2eefcd70,Stadtwerke Greven GmbH
176f152d,Stadtwerke Emsdetten GmbH
8f47ca86,Stadtwerke Ostmünsterland GmbH & Co. KG
5d17d37a,Energie- und Wasserversorgung Rheine GmbH
225494f0,Stadtwerke Schüttorf - Emsbüren GmbH
e7f3da90,nvb Nordhorner Versorgungsbetriebe GmbH
25257f1f,Stadtwerke Steinfurt GmbH
9151b263,Stadtwerke Gronau GmbH
03fa100f,Stadtwerke Ochtrup
cbaec7e9,Stadtwerke Coesfeld GmbH
3983e20c,LokalWerke GmbH
078d4b42,SWO Netz GmbH
f0bb75bf,Stadtwerke Georgsmarienhütte Netz GmbH
7e1855f6,Teutoburger Energie Netzwerk eG (TEN eG)
c8523e7e,Stadtwerke EVB Huntetal Netz GmbH
5cb0f674,SWTE Netz GmbH & Co. KG
3b5cd659,SWL Verteilungsnetzgesellschaft mbH
d040384a,Saerbecker Ver- und Entsorgungsnetzgesellschaft mbH
03488f57,SWL Energienetz- und Entsorgungsgesellschaft mbH
9b5a1abd,Stadtwerke Bramsche GmbH
c98b8a34,Stadtwerke Lingen GmbH
130d1788,MVE Eurokom Gesellschaft für Energie- u. Kommunikationsleistungen mbH
013fe02a,Stadtwerke Brühl GmbH
d3ce65f1,Yncoris GmbH & Co.KG
d37bce1f,RheinNetz GmbH
6c65a627,Flughafen Köln/Bonn GmbH
ff0742fe,NETCUR GmbH
03aa56f4,Stromkontor Netzgesellschaft mbH
c2976cae,Gemeindewerke Nümbrecht GmbH
ab6bae0d,BEW Netze GmbH
ca72eaa3,EGC Infrastruktur und Netz GmbH
6c8091a2,Regionetz GmbH
4098947a,Leitungspartner GmbH
8282c41d,Stadtwerke Jülich GmbH
043bb473,NEW Netz GmbH
24606857,Alliander Netz Heinsberg GmbH
dc7f9cfd,Bonn-Netz GmbH
ce10f3cf,Ahrtal-Werke GmbH
08cdce3b,Bad Honnef AG
7560a66b,Stadtwerke Troisdorf GmbH
c0ab2a2d,SWT Stadtwerke Trier Versorgungs-GmbH
7725b212,Mainzer Netze GmbH
d4dc12dd,Rheinhessische Energie- und Wasserversorgungs-GmbH
5e040db1,Gemeindewerke Budenheim AöR
e4fadc61,Stadtwerke GmbH Bad Kreuznach
921c1170,Energienetze Mittelrhein GmbH & Co. KG
581de4f5,Stadtwerke Neuwied GmbH
b5a7f013,Stadtwerke Andernach Energie GmbH
d383f641,BIGGE ENERGIE GmbH & Co. KG
ed796d96,Stadtwerke Schwerte GmbH
13c1e99d,AVU Netz GmbH
376119e8,Stadtwerke Witten GmbH
d7d56413,Enervie Vernetzt GmbH
4d1a33ad,Stadtwerke Iserlohn GmbH
4129bc95,Stadtwerke Menden GmbH
7c0a3ac9,Stadtwerke Fröndenberg Wickede GmbH
8059cf38,Energie- und Wasserversorgung Hamm GmbH
09bf67a1,"GSW Gemeinschaftsstadtwerke GmbH Kamen, Bönen, Bergkamen"
c03ea661,Netzgesellschaft Ahlen mbH
eb03bbae,Energieversorgung Beckum GmbH & Co. KG
0f7d15b3,STADTWERKE UNNA GMBH
53681f79,Stadtwerke Werl GmbH
fd691e8a,Stadtwerke Soest GmbH
fd411ec5,Stadtwerke Lippstadt GmbH
32346bfe,DB Energie GmbH
d28d34ca,CCF Cassella Chemiepark Frankfurt GmbH
c7993526,Fraport AG
f5982221,NRM Netzdienste Rhein-Main GmbH
f7419838,Stadtwerke Bad Vilbel GmbH
b71ea8a8,ovag Netz GmbH
23118dbe,Stadtwerke Bad Nauheim GmbH
1da7d865,Energienetze Offenbach GmbH
19ed510d,Mainnetz GmbH
fd396b21,Stadtwerke Mühlheim am Main GmbH
572b1a17,Stadtwerke Langen GmbH
d8c29a4f,Stadtwerke Neu-Isenburg GmbH
3f752114,Stadtwerke Dreieich GmbH
c219e5f9,Hanau Netz GmbH
e1717ed4,Maintal-Werke GmbH
d24c7750,Gemeindewerke Großkrotzenburg GmbH
1fa7d7d2,Kreiswerke Main-Kinzig GmbH
e64f6c6e,Aschaffenburger Versorgungs-GmbH
7566b909,Energieversorgung Alzenau GmbH
70cf060e,Elektrizitätswerk Goldbach-Hösbach GmbH & Co. KG
ba47ce31,Mainsite GmbH & Co.KG
a7ac980c,Gemeindewerke Kahl Versorgungsgesellschaft mbH
67e739bf,Gemeindewerke Stockstadt
776eadf8,Gemeindewerke Glattbach
c187e17e,EMB Energieversorgung Miltenberg-Bürgstadt GmbH & Co. KG
ac2ac6d6,Stadtwerke Klingenberg Kommunalunternehmen AöR
ddb2a9fb,EZV Energie- und Service GmbH & Co. KG Untermain
2d79f6a9,e-netz Südhessen AG
0b455c9c,Stadtwerke Groß-Gerau Versorgungs GmbH
8abc0aa9,"GGEW, Gruppen-Gas- und Elektrizitätswerk Bergstraße Aktiengesellschaft"
7cc4df57,Stadtwerke Wiesbaden Netz GmbH
a8cdde8f,Energieversorgung Rüsselsheim GmbH
90aef49a,Energieversorgung Limburg GmbH
62879a36,Syna GmbH
88bb29c6,energis-Netzgesellschaft mbH
bfd652fa,Creos Deutschland GmbH
89331afc,Stadtwerke Saarbrücken Netz AG
82ff6e18,Stadtwerke Sulzbach/Saar GmbH
57dbce88,Stadtwerke Völklingen Netz GmbH
8e84e85f,Stadtwerke St. Ingbert GmbH
0e81006a,Stadtwerke Homburg GmbH
5a194082,Stadtwerke Bliestal GmbH
02163877,Stadtwerke Bexbach GmbH
65d3949e,Gemeindewerke Kirkel GmbH
5bb35872,Stadtwerke Zweibrücken GmbH
49976619,KEW Kommunale Energie- und Wasserversorgung AG
5d919e49,SSW Netz GmbH
473a8c55,Netzwerke Merzig GmbH
4e48563c,Netzwerke Saarlouis GmbH
b668bb12,Stadtwerke Dillingen/Saar Netzgesellschaft mbH
fb4bc183,Gemeindewerke Wadgassen GmbH
889c82b3,SWK Stadtwerke Kaiserslautern Versorgungs-AG (Netz Kusel)
1be08023,Stadtwerke Ramstein-Miesenbach GmbH
bb2386e4,Gemeindewerke Hütschenhausen c/o Stadtwerke Ramstein-Miesenbach GmbH
e82cb6fb,Elektrizitätswerk Bruchmühlbach-Miesau
7697d66d,Stadtwerke Pirmasens Versorgungs GmbH
6360904a,Gemeindewerke Münchweiler a.d. Rodalb AöR
f674ac00,Verbandsgemeindewerke Dahner Felsenland
cf4b1c8f,Pfalzwerke Netz AG
857a2984,Stadtwerke Bad Dürkheim GmbH
fae303fc,Stadtwerke Schifferstadt
7e6c2496,Stadtwerke Deidesheim GmbH
695c6086,E-Werk Meckenheim/Pfalz c/o Stadtwerke Neustadt an der Weinstraße GmbH
592a4559,Stadtwerke Wachenheim
9b662ae0,Stadtwerke Frankenthal GmbH
0cc551f2,Stadtwerke Grünstadt GmbH
b8e8ef7b,KEEP - Kommunale Eisenberger Energiepartner GmbH
c8a666b6,Stadtwerke Speyer GmbH
cce534df,Gemeindewerke Dudenhofen
ba0e5a4a,Stadtwerke Neustadt an der Weinstraße GmbH
e9f6caf7,Gemeindewerke Haßloch GmbH
8bc7a2f7,Stadtwerke Lambrecht (Pfalz) GmbH
4100e003,Talwerk GmbH
4bb53a78,EWR Netz GmbH
7c17e8a8,TWL Netze GmbH
c4858d0a,Stadtwerke Kaiserslautern Versorgungs-AG
682e188e,Gemeindewerke Enkenbach-Alsenborn
94c878bb,EVU Weilerbach
9f5ac72f,Verbandsgemeindewerke Enkenbach-Alsenborn
12f2e228,abita Energie Otterberg GmbH
c6b1b8ea,Nahwerk-Energie GmbH & Co.KG
1d63d3b5,MVV Netze GmbH
9caaaf23,Stadtwerke Viernheim Netz GmbH
c0ba585a,Netzbetrieb Hirschberg GmbH & Co. KG
dd49f536,VersorgungsWerke Heddesheim GmbH & Co. KG
e2133912,Stadtwerke Hockenheim
27bdc8e0,Stadtwerke Heidelberg Netze GmbH
dbdbffba,Stadtwerke Walldorf GmbH & Co. KG
f9e563e2,Stadtwerke Eberbach GmbH
1cb3deaa,Stadtwerke Weinheim GmbH
3c22850a,Freudenberg Service KG
6391ce99,Stuttgart Netze GmbH
299dc6d6,Flughafen Stuttgart Energie GmbH
cfee4890,Stadtwerke Fellbach GmbH
e4054b2f,Stadtwerke Sindelfingen GmbH
da0a680e,Stromnetzgesellschaft Herrenberg mbH & Co. KG
4672af14,Stadtwerke Ditzingen GmbH & Co. KG
3f4b3150,Stadtwerke Waiblingen GmbH
1781fa42,Stadtwerke Backnang GmbH
a3925546,Stadtwerke Ludwigsburg-Kornwestheim GmbH
6e00ef90,Stadtwerke Tübingen GmbH
74ef3f7f,E-Werk Karl Stengle GmbH & Co. KG
8db8c061,Energieversorgung Rottenburg am Neckar GmbH
5de727a5,Stadtwerke Mössingen
511c0380,Stromversorgung Sulz GmbH
da92183a,Stadtwerke Altensteig
fbe0c74e,Stadtwerke Freudenstadt GmbH & Co. KG
f20d9244,Gemeindewerke Baiersbronn
a580b223,Weiler Wärme eG
26f76449,Überlandwerk Eppler GmbH
4ab2640e,Stadtwerke Balingen
52353b5b,Netze Hechingen GmbH & Co. KG
13711914,Albstadtwerke GmbH
50c50f93,Stadtwerke Sigmaringen GmbH
13389b6f,Outletcity AG
800bd94f,Stadtwerke Metzingen
38c548e0,Stadtwerke Nürtingen GmbH
2c6aa300,Stadtwerke Neuffen AG
a50bc4f6,FairNetz GmbH
3d60cba6,EWR Netze GmbH
92237efe,Energieversorgung Filstal GmbH & Co. KG
552d3d89,Stauferwerk GmbH & Co. KG
28f457d4,C. Ensinger GmbH & Co. KG
a0c183cc,Albwerk GmbH & Co. KG
4240213a,Stadtwerke Aalen GmbH
90c2e6f9,Netze ODR GmbH
472b1931,Stadtwerke Schwäbisch Gmünd GmbH
a172a8b0,Stadtwerke Schorndorf GmbH
b83adb05,Remstalwerk Netzgesellschaft GmbH
cf2208ee,NHF Netzgesellschaft Heilbronn-Franken mbH
3d800ccc,NHL Netzgesellschaft Heilbronner Land GmbH & Co. KG
a1d6549b,Stadtwerke Bietigheim-Bissingen GmbH
29d95bc2,Stadtwerke Schwäbisch Hall GmbH
f9a00f9d,Stadtwerke Crailsheim GmbH
a4e50fde,Elektrizitätswerk Leitlein GmbH & Co. KG
7dd49c69,Stadtwerke Buchen GmbH & Co KG
e148f8c8,Stadtwerke Walldürn GmbH
b28cc916,Gebrüder Eirich GmbH & Co KG
3a44c89f,Stadtwerke Mosbach GmbH
55a1c80a,Stadtwerke Bretten GmbH
dfd741d5,SWP Stadtwerke Pforzheim GmbH & Co. KG
17ad771a,Gemeindewerke Niefern-Öschelbronn
f029b270,Stadtwerke Bad Wildbad GmbH & Co. KG
3d05e928,Netze Calw GmbH
cc40cde1,Stadtwerke Mühlacker GmbH
1da82dbe,Stadtwerke Karlsruhe Netzservice GmbH
a6857aed,Netze BW GmbH
3551d963,SWE Netz GmbH (Ettlingen)
7ff1bc82,Stadtwerke Bad Herrenalb GmbH
dfa5b3d5,Stadtwerke Rastatt GmbH
260a2eff,eneREGIO GmbH
0a298ad5,Stadtwerke Baden-Baden
5e0642a0,GWS Gemeindewerke Sinzheim GmbH & Co. KG
6bc88d62,Stadtwerke Gaggenau
c0248368,Energie- und Wasserversorgung Bruchsal GmbH
a53476d7,Stadtwerke Germersheim GmbH
49ca183e,Gemeindewerke Rheinzabern
6b6a4d61,EnergieSüdwest Netz GmbH
5d3c73ba,Queichtal Energie Offenbach Netz GmbH
2e1e8daf,Energie- und Bäderbetrieb -Elektrizitätswerk der Gemeinde Hauenstein-
92ba3c63,Stadtwerke Annweiler am Trifels
5a82278a,Gemeindewerke Herxheim
b15584c8,Stadtwerke Bad Bergzabern GmbH
a6e1d1cc,Stadtwerke Oberkirch GmbH
7ee1cb16,Gebr. Heinzelmann Stromhandels- und Vertriebs-GmbH & Co. KG
dabe5129,Stadtwerke Haslach
29280743,Stadtwerke Gengenbach
86e2806c,Gemeindewerke Schutterwald
aa7458b6,Stadtwerke Bühl GmbH
72b4fc71,Überlandwerk Mittelbaden GmbH & Co. KG
a7d65580,Stadtwerke Villingen-Schwenningen GmbH
9a885aa7,EGT Energie GmbH
eca27542,Energieversorgung Südbaar GmbH & Co. KG
154da34f,Thüga Energienetze GmbH
16d44b9c,Stadtwerke Engen GmbH
3b54c115,Gemeindewerke Steißlingen
67baeb50,Stadtwerke Radolfzell GmbH
5cdcfe36,Stadtwerke Stockach GmbH
3345b35b,Stadtwerke Konstanz GmbH
132d5714,Stadtwerke Tuttlingen GmbH
03949506,ENRW Energieversorgung Rottweil GmbH & Co. KG
a48f241b,Energieversorgung Trossingen GmbH
3c279b27,Stadtwerke Schramberg GmbH & Co. KG
99056138,badenovaNetze GmbH
c235c9e9,Stadtwerke Waldkirch GmbH
2129f259,Gemeindewerke Gundelfingen GmbH
1b1b0792,Energie- und Wasserversorgung Kirchzarten GmbH
f082cbcc,Stadtwerke Emmendingen GmbH
443dd7e2,naturenergie netze GmbH
18b0c24c,Elektrizitätswerke Schönau Netze GmbH
1cb07185,Kraftwerk Köhlgartenwiese GmbH
b14a0f91,Stadtwerke Bad Säckingen GmbH
e43ca84b,Stadtwerke Waldshut-Tiengen GmbH
9f77bf46,Energieversorgung Klettgau - Rheintal GmbH & Co. KG
b3c1c1dc,SWM Infrastruktur GmbH & Co. KG
a23c6cb4,Energienetze Bayern GmbH
05bebe23,Stromnetz Pullach GmbH
b4a0bed2,Stadtwerke Olching Stromnetz GmbH & Co.KG
b17dcadb,KommEnergie GmbH
a09612c8,Stadtwerke Fürstenfeldbruck GmbH
98aa8d03,Stromnetz Weilheim GmbH & Co.KG
cc5c918a,Gemeindewerke Peißenberg KU
3d11f022,Elektrizitätsvereinigung Böbing eG
cc5b154a,Elektrizitätsgenossenschaft Ohlstadt e.G.
46f200ed,Gemeindewerke Garmisch-Partenkirchen
9e8a1981,KEW Karwendel Energie & Wasser GmbH
96682984,Kraftwerk Farchant A. Poettinger & Co. KG
186dc51b,Stadtwerke Rosenheim Netze GmbH
788577ff,Stadtwerke Bad Aibling
8e556807,Gemeindewerke Oberaudorf Strom- und Wasserversorgung
a54715ad,Gemeindewerke Kiefersfelden Strom- Gas- und Wasserversorgung
f43efe4a,Elektrizitätswerk Stern KG Bad Endorf
78ae2696,Wendelsteinbahn-Verteilnetz GmbH
1b5752bd,Elektrizitätswerk Rohrdorf Josef Haimmerer
65e432ca,E-Werk Buchauer
62aafc13,Elektrizitäts-Genossenschaft Schonstett eG
a9ce4420,Elektrizitätswerk Unterwössen Döllerer & Greimel Netz GmbH & Co. KG
69780df3,Elektrizitätswerk Oberwössen eG
4621273b,Stadtwerke Traunstein GmbH & Co. KG
604c4bd0,Elektrizitätsgenossenschaft Wolkersdorf und Umgebung e.G.
aacf42da,Stadtwerke Trostberg Stromversorgung GmbH
ac41232f,AlzChem Netz GmbH
18a15069,Elektrizitätsgenossenschaft Vogling & Angrenzer eG
805c6ce4,Gemeindewerke Waging
ed7967b6,Stromversorgung Inzell eG
d8303d91,Elektrizitäts-Genossenschaft Tacherting-Feichten eG
7cf149a1,Stromversorgung Seebruck eG
1ac73e85,EVU Kirchanschöring Schmid
36240a67,Elektrizitätsgenossenschaft Karlstein eG
a5650ab3,Stadtwerke Bad Reichenhall KU
cf248539,Gemeindewerke Bayerisch Gmain
5154960b,Stadtwerke Wasserburg a. Inn
24968672,FischerStrom KG
3a81ad4e,Gemeindewerke Holzkirchen GmbH
b5586616,Elektrizitäts- und Wasserversorgungsgenossenschaft Vagen eG
ad8a7b33,Stadtwerke Bad Tölz GmbH
d2ccdee5,Elektrizitätswerk Tegernsee Carl Miller KG
c3c42bd8,Stadtwerke Landshut
bd205387,Überlandzentrale Wörth/I. - Altheim Netz AG
3a824a2e,Stromversorgung Schierling eG
c1510781,Stadtwerke Dingolfing GmbH
1c5074de,Stadtwerke Vilsbiburg
683d2df4,Gemeindewerke Gangkofen
a16d514a,Stadtwerke Pfarrkirchen
66c26f4f,Elektrizitätswerk Simbach GmbH
a0b885de,Stadtwerke Dorfen GmbH
0ea55cc6,Westenthanner Energieversorgung GmbH
9379ce07,Bauer Netz GmbH & Co. KG
7205f6c2,Kommunale Energienetze Inn-Salzach GmbH & Co. KG
cdac4a36,Stadtwerke Waldkraiburg GmbH
10f58cd6,strotög GmbH Strom aus Töging
7e2fc0e1,Elektrizitätsgenossenschaft Engelsberg e.G.
2301a243,Elektrizitätsgenossenschaft Unterneukirchen eG
d8e61c68,Stadtwerke Ingolstadt Netze GmbH
7989affc,STADTWERKE EICHSTÄTT VERSORGUNGS-GMBH
7e9c16d5,Stadtwerke Dachau
fa04d375,Stromversorgung Pfaffenhofen a. d. Ilm GmbH & CO. KG
a8036e88,Freisinger Stadtwerke Versorgungs-GmbH
b84e63bd,Flughafen München GmbH
0a46a247,SEW Stromversorgungs-GmbH
5830133f,Überlandwerk Erding GmbH & Co. KG
378ecd84,E-Werk Schweiger oHG
2cc22f5e,Gemeindewerke Langenpreising GmbH & Co. KG
d0b1d9f5,SVH Stromversorgung Haar GmbH
c155b894,Rothmoser GmbH & Co. KG
dcd81265,E-Werk Schauer
f507db81,Obermaier und Gerg Grundstücksverwaltung KG
887e355f,Energieversorgung Putzbrunn GmbH & Co. KG
e5f793ef,TCA Sustainable Energy Solutions GmbH
7e9e82b4,SVI - Stromversorgung Ismaning GmbH
f9186f48,E-Werke Haniel Haimhausen OHG
ed24a778,LEW Verteilnetz GmbH
f3997e2e,swa Netze GmbH
1d7e15d4,IGS Netze GmbH
97a3bd06,Stadtwerke Neuburg a. d. Donau
ce50ce08,Elektrizitätswerk Wennenmühle Schörger GmbH & Co. KG
001714e8,Stadtwerke Bad Wörishofen
9f5d7b8b,Stadtwerke Landsberg KU
5cba554d,Elektrizitätswerk Diessen Stadler GmbH
d7641b3f,AllgäuNetz GmbH & Co. KG
9ae2ad6a,Weißachtal-Kraftwerke eG
fbcfb88f,Elektrizitätswerk Hindelang eG
487081d2,Elektrizitätsgenossenschaft Rettenberg eG
4d4b1fb0,Vereinigte Wertach-Elektrizitätswerke GmbH
6b983fd8,Elektrizitätswerke Reutte GmbH & Co. KG
f3715710,Fürstlich Fugger v. Glött´sche E-Werks GmbH & Co. KG
f2723765,Stadtwerk am See GmbH & Co. KG
c94b74d8,Regionalwerk Bodensee Netze GmbH & Co. KG
347a46ee,Stadtwerke Lindau (B) GmbH & Co. KG
3d8e90f6,Elektrizitäts-Genossenschaft Schlachters eG
a8ff07a8,Elektrizitätsnetze Allgäu GmbH
8818350c,Elektrizitäts-Genossenschaft Röthenbach eG
a5cbfcb4,TWS Netz GmbH
60b5f98f,Stadtwerke Bad Saulgau
ebeaf17b,e.wa riss Netze GmbH
b1c857af,Gebrüder Miller GmbH und Co. KG
792169d1,Stadtwerke Mengen
7540fe48,Getreidemühle Zwiefalten eG
8f344f70,Regionalnetze Linzgau GmbH
74326e4e,Stadtwerke Ulm/Neu-Ulm Netze GmbH
bd40e290,Verteilnetze Energie Weissenhorn GmbH & Co. KG
a26ec6bc,Gemeinde-Elektrizitäts- und Wasserwerk Burtenbach
3fadb335,Donau-Stadtwerke Dillingen-Lauingen
811ecbd1,Hellenstein-Energie-Logistik GmbH
14b1c0b3,EHINGER ENERGIE GmbH & Co. KG
687ec8f5,Flughafen Nürnberg Energie GmbH
afd463cc,N-ERGIE NETZ GmbH
ad952b79,Stadtwerke Zirndorf GmbH
6fd3798d,Stadtwerke Altdorf GmbH
68748c74,Gemeindewerke Wendelstein Kommunalunternehmen
54968043,Feuchter Gemeindewerke GmbH
4e09025b,Gemeindewerke Schwarzenbruck GmbH
a4cc54ef,Stadtwerke Stein GmbH & Co. KG
8c9d33dd,Stadtwerke Röthenbach a.d. Pegnitz GmbH
232bcc13,Gemeindewerke Cadolzburg
778a1b07,Stadt Langenzenn -Stadtwerke-
9acab451,infra fürth GmbH
aa77c9a1,Erlanger Stadtwerke AG
b09e5799,Herzo Werke GmbH
9c23191b,Stadtwerke Baiersdorf KU
31648c7b,Elektra-Genossenschaft Effeltrich e.G.
772a488f,Stadtwerke Schwabach GmbH
bfe14be8,Stadtwerke Roth
ce899548,Gemeindewerke Georgensgmünd
1bf17da7,Stromversorgung Greding
6c57faf3,Stromversorgung Neunkirchen GmbH
129ff5c3,Städtische Werke Lauf a.d. Pegnitz GmbH
1dbbe9b3,HEWA GmbH
f50e9859,Stadtwerke Forchheim GmbH
0727cb3e,Stadtwerke Ebermannstadt Versorgungsbetriebe GmbH
b5b59676,Stromversorgung Egloffstein
41e831fc,Elektra Genossenschaft Pinzberg e.G.
f4bc81f7,Stadtwerke Neustadt a.d. Aisch GmbH
f0e71d8c,Stadtwerke Bad Windsheim
37c98756,Stadtwerke Scheinfeld
5fd9fa79,Stadtwerke Ansbach GmbH
e5cd2e08,Brücken-Center Ansbach GmbH
a104598c,Stadtwerke Rothenburg o.d.T. GmbH
a69846f8,Stadtwerke Dinkelsbühl
afe639e2,Stadtwerke Feuchtwangen
ece93264,Stadtwerke Heilsbronn
9a1d1caa,Gemeindewerke Neuendettelsau
2707763f,Stadtwerke Windsbach
28241647,Gemeindewerke Markt Lichtenau
80ad5a12,Stadtwerke Burgbernheim
777c1439,Stadtwerke Gunzenhausen GmbH
90b0a462,Stadtwerke Treuchtlingen KU
dd523568,Stadtwerke Weißenburg GmbH
ac5892d2,Gemeindewerke Pleinfeld
99bc464a,Stadtwerke Pappenheim GmbH
0eed9d9c,Stadtwerke Amberg Versorgungs GmbH
cde2b5aa,Stadtwerke Neumarkt i.d.OPf. Energie GmbH
1f2897a6,Stadtwerke Neunburg vorm Wald Strom GmbH
e1aaed55,Stromnetz Weiden i.d.OPf. GmbH & Co. KG
2f181aba,Bayernwerk Netz GmbH
08dc392a,BTT Bauteam Tretzel GmbH
c7158627,Regensburg Netz GmbH
910d11e4,Elektrizitätswerk Wörth a.d. Donau Rupert Heider GmbH & Co. KG
ebfefbb1,Stadtwerke Hemau
e0f3b06b,STADTWERKE KELHEIM GmbH & Co KG
24f4129b,Stadtwerke Neustadt a.d. Donau
708fb2fb,Stadtwerke Cham GmbH
885d469c,Stadtwerke Furth im Wald GmbH & Co. KG
cc08ecb1,Stadtwerke Waldmünchen
134b76f8,Gemeindewerke Lam
c32add32,EVU Späth e.K.
6f9b186d,EW Geiger GmbH
4dfb3be4,Stadtwerke Passau GmbH
d538b769,Stadtwerke Waldkirchen
9a379d77,EVU Markt Obernzell
15c9a451,Elektrizitäts-Versorgungs-Genossenschaft Perlesreut eG
58b7d04e,Stadtwerke Zwiesel
cd0d989d,Stadtwerke Straubing Strom und Gas GmbH
34cf2116,Stadtwerke Bogen GmbH
183eed4d,Stadtwerke Landau a.d.Isar
53c52316,Stadtwerke Plattling
3765a0da,Stadtwerke Deggendorf GmbH
6c94c787,Stadtwerke Vilshofen GmbH
9e753701,Gemeindliche Werke Hengersberg
5fc63e19,Stadtwerke Hof Energie+Wasser GmbH
ecf96df1,Energieversorgung Selb-Marktredwitz GmbH
5026f4b5,Stadtwerke Schwarzenbach/Saale
f4389f99,gemeinsames Kommunalunternehmen Oberes Egertal
4fc9913d,Stadtwerke Münchberg
e7bc35e3,Licht- und Kraftwerke Helmbrechts GmbH
e54ee84e,Kommunalunternehmen Gemeindewerke Stammbach AdöR
f6b43773,Stromnetz Kulmbach GmbH & Co. KG
2eb5773d,Stadtwerke Bayreuth Energie und Wasser GmbH
bc80729b,SWW Wunsiedel GmbH
0b5e2b13,Stadtwerke Tirschenreuth
017bb48c,Stadtwerke Bamberg Energie- und Wasserversorgungs GmbH
b3ff2b42,Stadtwerke Hollfeld
d8c5eb6e,Gemeindewerke Ebersdorf
4be8a402,Elektrizitätsgenossenschaft Nordhalben und Umgebung eG
73527997,SÜC Energie und H2O GmbH
9ab37c7f,SWN Stadtwerke Neustadt GmbH
75389faf,SWR Energie GmbH & Co. KG
bd52d8bf,Stadtwerke Bad Rodach
e967c000,Licht- und Kraftwerke Sonneberg GmbH
00fbae60,Mainfranken Netze GmbH
4a7fb153,Stadtwerke Uffenheim
a8185b4a,Versorgungsbetriebe Zellingen
9afd4c89,Müller-Mühle GmbH & Co. KG
5cddb4e5,Versorgungsbetriebe Röttingen
b47684ca,VWG Versorgungsbetrieb Waldbüttelbrunn GmbH
4d6db7ab,Licht- Kraft- und Wasserwerke Kitzingen GmbH
7b55e3a0,Stadtwerke Dettelbach
f6a3c60b,Elektrizitätswerk Mainbernheim GmbH
00751f64,Stadtwerke Schweinfurt GmbH
e9d48864,Cramer-Mühle KG
ed425768,Stadtwerk Haßfurt GmbH
b04a31fe,Elektrizitätsversorgungsunternehmen (EVU) der Gemeinde Gochsheim
1fe7c618,Stadtwerke Zeil a. Main
cd0739a3,ÜZ Mainfranken eG
9ef7ef78,Stadtwerke Bad Neustadt a.d. Saale
6a99064b,Überlandwerk Rhön GmbH
f6f1a4bc,Stadtwerke Bad Kissingen GmbH
d7247dd8,Gemeindewerke Nüdlingen
74b21199,Energieversorgung Gemünden GmbH
6bbfb14d,Energieversorgung Lohr-Karlstadt und Umgebung GmbH & Co. KG
b145bc5e,Stadtwerke Hammelburg GmbH
73cfa09a,Stadtwerke Bad Brückenau GmbH
b2395ce3,Gemeindewerke Frammersbach
5b19afad,Gemeindewerke Partenstein
082a5a4f,Stadtwerke Wertheim GmbH
dcdc388a,"TauberEnergie Kuhn, Karl und Andreas Kuhn OHG"
c128e3c2,Stadtwerk Tauberfranken GmbH
80cd0ab3,Stadtwerke Suhl/Zella-Mehlis Netz GmbH
c61b18f4,Stadtwerke Meiningen GmbH
f271f6aa,Stadtwerke Ilmenau GmbH
840d05a0,SWE Netz GmbH
150519c2,TEN Thüringer Energienetze GmbH & Co. KG
31a817c1,Stadtwerke Arnstadt Netz GmbH & Co. KG
d42bdae2,ENWG Energienetze Weimar GmbH & Co. KG
fed6ac62,ENA Energienetze Apolda GmbH
17c6019d,Sömmerdaer Energieversorgung GmbH
274a19cb,Stadtwerke Sondershausen Netz GmbH
4c1ed2e3,Nordhausen Netz GmbH
6d6b0580,EVB Netze GmbH
45874d8e,Gothaer Stadtwerke NETZ GmbH
7983d7d4,Energieversorgung Inselsberg GmbH
511e6961,NETZE Bad Langensalza GmbH
544cc907,Stadtwerke Mühlhausen Netz GmbH
